{"tileSize":16,"mapWidth":54,"mapHeight":26,"layers":[{"name":"Layer_0","tiles":[{"id":"0","x":0,"y":20},{"id":"1","x":1,"y":20},{"id":"2","x":2,"y":20},{"id":"3","x":3,"y":20},{"id":"4","x":4,"y":20},{"id":"5","x":5,"y":20},{"id":"6","x":0,"y":21},{"id":"7","x":1,"y":21},{"id":"8","x":2,"y":21},{"id":"9","x":3,"y":21},{"id":"10","x":4,"y":21},{"id":"11","x":5,"y":21},{"id":"12","x":0,"y":22},{"id":"13","x":1,"y":22},{"id":"14","x":2,"y":22},{"id":"15","x":3,"y":22},{"id":"16","x":4,"y":22},{"id":"17","x":5,"y":22},{"id":"18","x":0,"y":23},{"id":"19","x":1,"y":23},{"id":"20","x":2,"y":23},{"id":"21","x":3,"y":23},{"id":"22","x":4,"y":23},{"id":"23","x":5,"y":23},{"id":"24","x":0,"y":24},{"id":"25","x":1,"y":24},{"id":"26","x":2,"y":24},{"id":"27","x":3,"y":24},{"id":"28","x":4,"y":24},{"id":"29","x":5,"y":24},{"id":"30","x":0,"y":25},{"id":"31","x":1,"y":25},{"id":"32","x":2,"y":25},{"id":"33","x":3,"y":25},{"id":"34","x":4,"y":25},{"id":"35","x":5,"y":25},{"id":"0","x":6,"y":19},{"id":"1","x":7,"y":19},{"id":"2","x":8,"y":19},{"id":"3","x":9,"y":19},{"id":"4","x":10,"y":19},{"id":"5","x":11,"y":19},{"id":"6","x":6,"y":20},{"id":"7","x":7,"y":20},{"id":"8","x":8,"y":20},{"id":"9","x":9,"y":20},{"id":"10","x":10,"y":20},{"id":"11","x":11,"y":20},{"id":"12","x":6,"y":21},{"id":"13","x":7,"y":21},{"id":"14","x":8,"y":21},{"id":"15","x":9,"y":21},{"id":"16","x":10,"y":21},{"id":"17","x":11,"y":21},{"id":"18","x":6,"y":22},{"id":"19","x":7,"y":22},{"id":"20","x":8,"y":22},{"id":"21","x":9,"y":22},{"id":"22","x":10,"y":22},{"id":"23","x":11,"y":22},{"id":"24","x":6,"y":23},{"id":"25","x":7,"y":23},{"id":"26","x":8,"y":23},{"id":"27","x":9,"y":23},{"id":"28","x":10,"y":23},{"id":"29","x":11,"y":23},{"id":"30","x":6,"y":24},{"id":"31","x":7,"y":24},{"id":"32","x":8,"y":24},{"id":"33","x":9,"y":24},{"id":"34","x":10,"y":24},{"id":"35","x":11,"y":24},{"id":"0","x":12,"y":18},{"id":"1","x":13,"y":18},{"id":"2","x":14,"y":18},{"id":"3","x":15,"y":18},{"id":"4","x":16,"y":18},{"id":"5","x":17,"y":18},{"id":"6","x":12,"y":19},{"id":"7","x":13,"y":19},{"id":"8","x":14,"y":19},{"id":"9","x":15,"y":19},{"id":"10","x":16,"y":19},{"id":"11","x":17,"y":19},{"id":"12","x":12,"y":20},{"id":"13","x":13,"y":20},{"id":"14","x":14,"y":20},{"id":"15","x":15,"y":20},{"id":"16","x":16,"y":20},{"id":"17","x":17,"y":20},{"id":"18","x":12,"y":21},{"id":"19","x":13,"y":21},{"id":"20","x":14,"y":21},{"id":"21","x":15,"y":21},{"id":"22","x":16,"y":21},{"id":"23","x":17,"y":21},{"id":"24","x":12,"y":22},{"id":"25","x":13,"y":22},{"id":"26","x":14,"y":22},{"id":"27","x":15,"y":22},{"id":"28","x":16,"y":22},{"id":"29","x":17,"y":22},{"id":"30","x":12,"y":23},{"id":"31","x":13,"y":23},{"id":"32","x":14,"y":23},{"id":"33","x":15,"y":23},{"id":"34","x":16,"y":23},{"id":"35","x":17,"y":23},{"id":"0","x":18,"y":16},{"id":"1","x":19,"y":16},{"id":"2","x":20,"y":16},{"id":"3","x":21,"y":16},{"id":"4","x":22,"y":16},{"id":"5","x":23,"y":16},{"id":"6","x":18,"y":17},{"id":"7","x":19,"y":17},{"id":"8","x":20,"y":17},{"id":"9","x":21,"y":17},{"id":"10","x":22,"y":17},{"id":"11","x":23,"y":17},{"id":"12","x":18,"y":18},{"id":"13","x":19,"y":18},{"id":"14","x":20,"y":18},{"id":"15","x":21,"y":18},{"id":"16","x":22,"y":18},{"id":"17","x":23,"y":18},{"id":"18","x":18,"y":19},{"id":"19","x":19,"y":19},{"id":"20","x":20,"y":19},{"id":"21","x":21,"y":19},{"id":"22","x":22,"y":19},{"id":"23","x":23,"y":19},{"id":"24","x":18,"y":20},{"id":"25","x":19,"y":20},{"id":"26","x":20,"y":20},{"id":"27","x":21,"y":20},{"id":"28","x":22,"y":20},{"id":"29","x":23,"y":20},{"id":"30","x":18,"y":21},{"id":"31","x":19,"y":21},{"id":"32","x":20,"y":21},{"id":"33","x":21,"y":21},{"id":"34","x":22,"y":21},{"id":"35","x":23,"y":21},{"id":"36","x":6,"y":25},{"id":"37","x":7,"y":25},{"id":"38","x":8,"y":25},{"id":"39","x":9,"y":25},{"id":"36","x":10,"y":25},{"id":"37","x":11,"y":25},{"id":"38","x":12,"y":25},{"id":"39","x":13,"y":25},{"id":"36","x":12,"y":24},{"id":"37","x":13,"y":24},{"id":"38","x":14,"y":24},{"id":"39","x":15,"y":24},{"id":"36","x":14,"y":25},{"id":"37","x":15,"y":25},{"id":"38","x":16,"y":25},{"id":"39","x":17,"y":25},{"id":"36","x":16,"y":24},{"id":"37","x":17,"y":24},{"id":"38","x":18,"y":24},{"id":"39","x":19,"y":24},{"id":"36","x":18,"y":23},{"id":"37","x":19,"y":23},{"id":"38","x":20,"y":23},{"id":"39","x":21,"y":23},{"id":"36","x":18,"y":25},{"id":"37","x":19,"y":25},{"id":"38","x":20,"y":25},{"id":"39","x":21,"y":25},{"id":"36","x":18,"y":22},{"id":"37","x":19,"y":22},{"id":"38","x":20,"y":22},{"id":"39","x":21,"y":22},{"id":"36","x":20,"y":24},{"id":"37","x":21,"y":24},{"id":"38","x":22,"y":24},{"id":"39","x":23,"y":24},{"id":"36","x":22,"y":22},{"id":"37","x":23,"y":22},{"id":"38","x":24,"y":22},{"id":"39","x":25,"y":22},{"id":"36","x":22,"y":23},{"id":"37","x":23,"y":23},{"id":"38","x":24,"y":23},{"id":"39","x":25,"y":23},{"id":"36","x":22,"y":25},{"id":"37","x":23,"y":25},{"id":"38","x":24,"y":25},{"id":"39","x":25,"y":25},{"id":"40","x":24,"y":24},{"id":"40","x":25,"y":24},{"id":"0","x":24,"y":16},{"id":"1","x":25,"y":16},{"id":"2","x":26,"y":16},{"id":"3","x":27,"y":16},{"id":"4","x":28,"y":16},{"id":"5","x":29,"y":16},{"id":"6","x":24,"y":17},{"id":"7","x":25,"y":17},{"id":"8","x":26,"y":17},{"id":"9","x":27,"y":17},{"id":"10","x":28,"y":17},{"id":"11","x":29,"y":17},{"id":"12","x":24,"y":18},{"id":"13","x":25,"y":18},{"id":"14","x":26,"y":18},{"id":"15","x":27,"y":18},{"id":"16","x":28,"y":18},{"id":"17","x":29,"y":18},{"id":"18","x":24,"y":19},{"id":"19","x":25,"y":19},{"id":"20","x":26,"y":19},{"id":"21","x":27,"y":19},{"id":"22","x":28,"y":19},{"id":"23","x":29,"y":19},{"id":"24","x":24,"y":20},{"id":"25","x":25,"y":20},{"id":"26","x":26,"y":20},{"id":"27","x":27,"y":20},{"id":"28","x":28,"y":20},{"id":"29","x":29,"y":20},{"id":"30","x":24,"y":21},{"id":"31","x":25,"y":21},{"id":"32","x":26,"y":21},{"id":"33","x":27,"y":21},{"id":"34","x":28,"y":21},{"id":"35","x":29,"y":21},{"id":"36","x":26,"y":22},{"id":"37","x":27,"y":22},{"id":"38","x":28,"y":22},{"id":"39","x":29,"y":22},{"id":"41","x":26,"y":23},{"id":"42","x":27,"y":23},{"id":"43","x":28,"y":23},{"id":"44","x":29,"y":23},{"id":"36","x":26,"y":24},{"id":"37","x":27,"y":24},{"id":"38","x":28,"y":24},{"id":"39","x":29,"y":24},{"id":"41","x":26,"y":25},{"id":"42","x":27,"y":25},{"id":"43","x":28,"y":25},{"id":"44","x":29,"y":25},{"id":"36","x":30,"y":22},{"id":"37","x":31,"y":22},{"id":"38","x":32,"y":22},{"id":"39","x":33,"y":22},{"id":"41","x":30,"y":23},{"id":"42","x":31,"y":23},{"id":"43","x":32,"y":23},{"id":"44","x":33,"y":23},{"id":"36","x":30,"y":24},{"id":"37","x":31,"y":24},{"id":"38","x":32,"y":24},{"id":"39","x":33,"y":24},{"id":"41","x":30,"y":25},{"id":"42","x":31,"y":25},{"id":"43","x":32,"y":25},{"id":"44","x":33,"y":25},{"id":"36","x":34,"y":24},{"id":"37","x":35,"y":24},{"id":"38","x":36,"y":24},{"id":"39","x":37,"y":24},{"id":"41","x":34,"y":25},{"id":"42","x":35,"y":25},{"id":"43","x":36,"y":25},{"id":"44","x":37,"y":25},{"id":"36","x":34,"y":22},{"id":"37","x":35,"y":22},{"id":"38","x":36,"y":22},{"id":"39","x":37,"y":22},{"id":"41","x":34,"y":23},{"id":"42","x":35,"y":23},{"id":"43","x":36,"y":23},{"id":"44","x":37,"y":23},{"id":"36","x":38,"y":24},{"id":"37","x":39,"y":24},{"id":"38","x":40,"y":24},{"id":"39","x":41,"y":24},{"id":"41","x":38,"y":25},{"id":"42","x":39,"y":25},{"id":"43","x":40,"y":25},{"id":"44","x":41,"y":25},{"id":"36","x":38,"y":22},{"id":"37","x":39,"y":22},{"id":"38","x":40,"y":22},{"id":"39","x":41,"y":22},{"id":"41","x":38,"y":23},{"id":"42","x":39,"y":23},{"id":"43","x":40,"y":23},{"id":"44","x":41,"y":23},{"id":"0","x":30,"y":16},{"id":"1","x":31,"y":16},{"id":"2","x":32,"y":16},{"id":"3","x":33,"y":16},{"id":"4","x":34,"y":16},{"id":"5","x":35,"y":16},{"id":"6","x":30,"y":17},{"id":"7","x":31,"y":17},{"id":"8","x":32,"y":17},{"id":"9","x":33,"y":17},{"id":"10","x":34,"y":17},{"id":"11","x":35,"y":17},{"id":"12","x":30,"y":18},{"id":"13","x":31,"y":18},{"id":"14","x":32,"y":18},{"id":"15","x":33,"y":18},{"id":"16","x":34,"y":18},{"id":"17","x":35,"y":18},{"id":"18","x":30,"y":19},{"id":"19","x":31,"y":19},{"id":"20","x":32,"y":19},{"id":"21","x":33,"y":19},{"id":"22","x":34,"y":19},{"id":"23","x":35,"y":19},{"id":"24","x":30,"y":20},{"id":"25","x":31,"y":20},{"id":"26","x":32,"y":20},{"id":"27","x":33,"y":20},{"id":"28","x":34,"y":20},{"id":"29","x":35,"y":20},{"id":"30","x":30,"y":21},{"id":"31","x":31,"y":21},{"id":"32","x":32,"y":21},{"id":"33","x":33,"y":21},{"id":"34","x":34,"y":21},{"id":"35","x":35,"y":21},{"id":"0","x":36,"y":16},{"id":"1","x":37,"y":16},{"id":"2","x":38,"y":16},{"id":"3","x":39,"y":16},{"id":"4","x":40,"y":16},{"id":"5","x":41,"y":16},{"id":"6","x":36,"y":17},{"id":"7","x":37,"y":17},{"id":"8","x":38,"y":17},{"id":"9","x":39,"y":17},{"id":"10","x":40,"y":17},{"id":"11","x":41,"y":17},{"id":"12","x":36,"y":18},{"id":"13","x":37,"y":18},{"id":"14","x":38,"y":18},{"id":"15","x":39,"y":18},{"id":"16","x":40,"y":18},{"id":"17","x":41,"y":18},{"id":"18","x":36,"y":19},{"id":"19","x":37,"y":19},{"id":"20","x":38,"y":19},{"id":"21","x":39,"y":19},{"id":"22","x":40,"y":19},{"id":"23","x":41,"y":19},{"id":"24","x":36,"y":20},{"id":"25","x":37,"y":20},{"id":"26","x":38,"y":20},{"id":"27","x":39,"y":20},{"id":"28","x":40,"y":20},{"id":"29","x":41,"y":20},{"id":"30","x":36,"y":21},{"id":"31","x":37,"y":21},{"id":"32","x":38,"y":21},{"id":"33","x":39,"y":21},{"id":"34","x":40,"y":21},{"id":"35","x":41,"y":21},{"id":"6","x":42,"y":18},{"id":"7","x":43,"y":18},{"id":"8","x":44,"y":18},{"id":"9","x":45,"y":18},{"id":"10","x":46,"y":18},{"id":"11","x":47,"y":18},{"id":"12","x":42,"y":19},{"id":"13","x":43,"y":19},{"id":"14","x":44,"y":19},{"id":"15","x":45,"y":19},{"id":"16","x":46,"y":19},{"id":"17","x":47,"y":19},{"id":"18","x":42,"y":20},{"id":"19","x":43,"y":20},{"id":"20","x":44,"y":20},{"id":"21","x":45,"y":20},{"id":"22","x":46,"y":20},{"id":"23","x":47,"y":20},{"id":"24","x":42,"y":21},{"id":"25","x":43,"y":21},{"id":"26","x":44,"y":21},{"id":"27","x":45,"y":21},{"id":"28","x":46,"y":21},{"id":"29","x":47,"y":21},{"id":"30","x":42,"y":22},{"id":"31","x":43,"y":22},{"id":"32","x":44,"y":22},{"id":"33","x":45,"y":22},{"id":"34","x":46,"y":22},{"id":"35","x":47,"y":22},{"id":"6","x":48,"y":18},{"id":"7","x":49,"y":18},{"id":"8","x":50,"y":18},{"id":"9","x":51,"y":18},{"id":"10","x":52,"y":18},{"id":"11","x":53,"y":18},{"id":"12","x":48,"y":19},{"id":"13","x":49,"y":19},{"id":"14","x":50,"y":19},{"id":"15","x":51,"y":19},{"id":"16","x":52,"y":19},{"id":"17","x":53,"y":19},{"id":"18","x":48,"y":20},{"id":"19","x":49,"y":20},{"id":"20","x":50,"y":20},{"id":"21","x":51,"y":20},{"id":"22","x":52,"y":20},{"id":"23","x":53,"y":20},{"id":"24","x":48,"y":21},{"id":"25","x":49,"y":21},{"id":"26","x":50,"y":21},{"id":"27","x":51,"y":21},{"id":"28","x":52,"y":21},{"id":"29","x":53,"y":21},{"id":"30","x":48,"y":22},{"id":"31","x":49,"y":22},{"id":"32","x":50,"y":22},{"id":"33","x":51,"y":22},{"id":"34","x":52,"y":22},{"id":"35","x":53,"y":22},{"id":"6","x":42,"y":23},{"id":"7","x":43,"y":23},{"id":"8","x":44,"y":23},{"id":"9","x":45,"y":23},{"id":"10","x":46,"y":23},{"id":"11","x":47,"y":23},{"id":"12","x":42,"y":24},{"id":"13","x":43,"y":24},{"id":"14","x":44,"y":24},{"id":"15","x":45,"y":24},{"id":"16","x":46,"y":24},{"id":"17","x":47,"y":24},{"id":"6","x":48,"y":23},{"id":"7","x":49,"y":23},{"id":"8","x":50,"y":23},{"id":"9","x":51,"y":23},{"id":"10","x":52,"y":23},{"id":"11","x":53,"y":23},{"id":"12","x":48,"y":24},{"id":"13","x":49,"y":24},{"id":"14","x":50,"y":24},{"id":"15","x":51,"y":24},{"id":"16","x":52,"y":24},{"id":"17","x":53,"y":24},{"id":"6","x":42,"y":25},{"id":"7","x":43,"y":25},{"id":"8","x":44,"y":25},{"id":"9","x":45,"y":25},{"id":"10","x":46,"y":25},{"id":"11","x":47,"y":25},{"id":"6","x":48,"y":25},{"id":"7","x":49,"y":25},{"id":"8","x":50,"y":25},{"id":"9","x":51,"y":25},{"id":"10","x":52,"y":25},{"id":"11","x":53,"y":25},{"id":"0","x":42,"y":16},{"id":"1","x":43,"y":16},{"id":"2","x":44,"y":16},{"id":"3","x":45,"y":16},{"id":"4","x":46,"y":16},{"id":"5","x":47,"y":16},{"id":"6","x":42,"y":17},{"id":"7","x":43,"y":17},{"id":"8","x":44,"y":17},{"id":"9","x":45,"y":17},{"id":"10","x":46,"y":17},{"id":"11","x":47,"y":17},{"id":"0","x":48,"y":16},{"id":"1","x":49,"y":16},{"id":"2","x":50,"y":16},{"id":"3","x":51,"y":16},{"id":"4","x":52,"y":16},{"id":"5","x":53,"y":16},{"id":"6","x":48,"y":17},{"id":"7","x":49,"y":17},{"id":"8","x":50,"y":17},{"id":"9","x":51,"y":17},{"id":"10","x":52,"y":17},{"id":"11","x":53,"y":17},{"id":"45","x":27,"y":9},{"id":"46","x":28,"y":9},{"id":"47","x":29,"y":9},{"id":"48","x":27,"y":10},{"id":"49","x":28,"y":10},{"id":"50","x":29,"y":10},{"id":"45","x":38,"y":9},{"id":"46","x":39,"y":9},{"id":"47","x":40,"y":9},{"id":"51","x":41,"y":9},{"id":"48","x":38,"y":10},{"id":"49","x":39,"y":10},{"id":"50","x":40,"y":10},{"id":"52","x":41,"y":10},{"id":"53","x":38,"y":11},{"id":"54","x":39,"y":11},{"id":"55","x":40,"y":11},{"id":"56","x":41,"y":11},{"id":"57","x":38,"y":12},{"id":"58","x":39,"y":12},{"id":"59","x":40,"y":12},{"id":"60","x":41,"y":12},{"id":"61","x":38,"y":13},{"id":"62","x":39,"y":13},{"id":"63","x":40,"y":13},{"id":"64","x":41,"y":13},{"id":"65","x":38,"y":14},{"id":"66","x":39,"y":14},{"id":"67","x":40,"y":14},{"id":"68","x":41,"y":14},{"id":"69","x":38,"y":15},{"id":"70","x":39,"y":15},{"id":"71","x":40,"y":15},{"id":"72","x":41,"y":15},{"id":"45","x":48,"y":9},{"id":"46","x":49,"y":9},{"id":"47","x":50,"y":9},{"id":"51","x":51,"y":9},{"id":"48","x":48,"y":10},{"id":"49","x":49,"y":10},{"id":"50","x":50,"y":10},{"id":"52","x":51,"y":10},{"id":"53","x":48,"y":11},{"id":"54","x":49,"y":11},{"id":"55","x":50,"y":11},{"id":"56","x":51,"y":11},{"id":"57","x":48,"y":12},{"id":"58","x":49,"y":12},{"id":"59","x":50,"y":12},{"id":"60","x":51,"y":12},{"id":"61","x":48,"y":13},{"id":"62","x":49,"y":13},{"id":"63","x":50,"y":13},{"id":"64","x":51,"y":13},{"id":"66","x":49,"y":14},{"id":"67","x":50,"y":14},{"id":"68","x":51,"y":14},{"id":"70","x":49,"y":15},{"id":"71","x":50,"y":15},{"id":"72","x":51,"y":15},{"id":"71","x":29,"y":15},{"id":"70","x":28,"y":15},{"id":"69","x":27,"y":15},{"id":"67","x":29,"y":14},{"id":"66","x":28,"y":14},{"id":"65","x":27,"y":14},{"id":"63","x":29,"y":13},{"id":"62","x":28,"y":13},{"id":"61","x":27,"y":13},{"id":"59","x":29,"y":12},{"id":"58","x":28,"y":12},{"id":"57","x":27,"y":12},{"id":"55","x":29,"y":11},{"id":"54","x":28,"y":11},{"id":"53","x":27,"y":11},{"id":"45","x":23,"y":9},{"id":"46","x":24,"y":9},{"id":"47","x":25,"y":9},{"id":"51","x":26,"y":9},{"id":"48","x":23,"y":10},{"id":"49","x":24,"y":10},{"id":"50","x":25,"y":10},{"id":"52","x":26,"y":10},{"id":"53","x":23,"y":11},{"id":"54","x":24,"y":11},{"id":"55","x":25,"y":11},{"id":"56","x":26,"y":11},{"id":"57","x":23,"y":12},{"id":"58","x":24,"y":12},{"id":"59","x":25,"y":12},{"id":"60","x":26,"y":12},{"id":"61","x":23,"y":13},{"id":"62","x":24,"y":13},{"id":"63","x":25,"y":13},{"id":"64","x":26,"y":13},{"id":"65","x":23,"y":14},{"id":"66","x":24,"y":14},{"id":"67","x":25,"y":14},{"id":"68","x":26,"y":14},{"id":"69","x":23,"y":15},{"id":"70","x":24,"y":15},{"id":"71","x":25,"y":15},{"id":"72","x":26,"y":15},{"id":"73","x":13,"y":5},{"id":"74","x":13,"y":6},{"id":"75","x":13,"y":7},{"id":"76","x":13,"y":8},{"id":"77","x":13,"y":9},{"id":"78","x":13,"y":10},{"id":"79","x":13,"y":11},{"id":"80","x":13,"y":12},{"id":"81","x":13,"y":13},{"id":"82","x":13,"y":14},{"id":"83","x":13,"y":15},{"id":"84","x":7,"y":12},{"id":"85","x":8,"y":12},{"id":"86","x":9,"y":12},{"id":"87","x":10,"y":12},{"id":"88","x":7,"y":13},{"id":"89","x":8,"y":13},{"id":"90","x":9,"y":13},{"id":"91","x":10,"y":13},{"id":"92","x":7,"y":14},{"id":"93","x":8,"y":14},{"id":"94","x":9,"y":14},{"id":"95","x":10,"y":14},{"id":"96","x":7,"y":15},{"id":"97","x":8,"y":15},{"id":"98","x":9,"y":15},{"id":"99","x":10,"y":15},{"id":"100","x":7,"y":16},{"id":"101","x":8,"y":16},{"id":"102","x":9,"y":16},{"id":"103","x":10,"y":16},{"id":"104","x":7,"y":17},{"id":"105","x":8,"y":17},{"id":"106","x":9,"y":17},{"id":"107","x":10,"y":17},{"id":"108","x":9,"y":18},{"id":"109","x":10,"y":18},{"id":"86","x":0,"y":13},{"id":"87","x":1,"y":13},{"id":"90","x":0,"y":14},{"id":"91","x":1,"y":14},{"id":"94","x":0,"y":15},{"id":"95","x":1,"y":15},{"id":"98","x":0,"y":16},{"id":"99","x":1,"y":16},{"id":"102","x":0,"y":17},{"id":"103","x":1,"y":17},{"id":"106","x":0,"y":18},{"id":"107","x":1,"y":18},{"id":"108","x":0,"y":19},{"id":"109","x":1,"y":19},{"id":"110","x":14,"y":16},{"id":"111","x":15,"y":16},{"id":"112","x":14,"y":17},{"id":"113","x":15,"y":17},{"id":"110","x":3,"y":18},{"id":"111","x":4,"y":18},{"id":"112","x":3,"y":19},{"id":"113","x":4,"y":19},{"id":"110","x":43,"y":14},{"id":"111","x":44,"y":14},{"id":"112","x":43,"y":15},{"id":"113","x":44,"y":15},{"id":"114","x":16,"y":17},{"id":"115","x":17,"y":17},{"id":"116","x":8,"y":18},{"id":"117","x":7,"y":18},{"id":"114","x":35,"y":15},{"id":"115","x":36,"y":15},{"id":"118","x":45,"y":14},{"id":"119","x":46,"y":14},{"id":"120","x":45,"y":15},{"id":"121","x":46,"y":15},{"id":"122","x":18,"y":5},{"id":"123","x":19,"y":5},{"id":"124","x":20,"y":5},{"id":"125","x":21,"y":5},{"id":"73","x":22,"y":5},{"id":"126","x":18,"y":6},{"id":"127","x":19,"y":6},{"id":"128","x":20,"y":6},{"id":"129","x":21,"y":6},{"id":"74","x":22,"y":6},{"id":"130","x":18,"y":7},{"id":"131","x":19,"y":7},{"id":"132","x":20,"y":7},{"id":"133","x":21,"y":7},{"id":"75","x":22,"y":7},{"id":"134","x":18,"y":8},{"id":"135","x":19,"y":8},{"id":"136","x":20,"y":8},{"id":"137","x":21,"y":8},{"id":"76","x":22,"y":8},{"id":"138","x":18,"y":9},{"id":"139","x":19,"y":9},{"id":"140","x":20,"y":9},{"id":"141","x":21,"y":9},{"id":"77","x":22,"y":9},{"id":"142","x":18,"y":10},{"id":"143","x":19,"y":10},{"id":"144","x":20,"y":10},{"id":"145","x":21,"y":10},{"id":"78","x":22,"y":10},{"id":"146","x":18,"y":11},{"id":"147","x":19,"y":11},{"id":"148","x":20,"y":11},{"id":"149","x":21,"y":11},{"id":"79","x":22,"y":11},{"id":"150","x":18,"y":12},{"id":"151","x":19,"y":12},{"id":"152","x":20,"y":12},{"id":"153","x":21,"y":12},{"id":"80","x":22,"y":12},{"id":"154","x":18,"y":13},{"id":"155","x":19,"y":13},{"id":"156","x":20,"y":13},{"id":"157","x":21,"y":13},{"id":"81","x":22,"y":13},{"id":"158","x":18,"y":14},{"id":"159","x":19,"y":14},{"id":"160","x":20,"y":14},{"id":"161","x":21,"y":14},{"id":"82","x":22,"y":14},{"id":"162","x":18,"y":15},{"id":"163","x":19,"y":15},{"id":"164","x":20,"y":15},{"id":"165","x":21,"y":15},{"id":"83","x":22,"y":15},{"id":"122","x":30,"y":5},{"id":"123","x":31,"y":5},{"id":"124","x":32,"y":5},{"id":"125","x":33,"y":5},{"id":"73","x":34,"y":5},{"id":"126","x":30,"y":6},{"id":"127","x":31,"y":6},{"id":"128","x":32,"y":6},{"id":"129","x":33,"y":6},{"id":"74","x":34,"y":6},{"id":"130","x":30,"y":7},{"id":"131","x":31,"y":7},{"id":"132","x":32,"y":7},{"id":"133","x":33,"y":7},{"id":"75","x":34,"y":7},{"id":"134","x":30,"y":8},{"id":"135","x":31,"y":8},{"id":"136","x":32,"y":8},{"id":"137","x":33,"y":8},{"id":"76","x":34,"y":8},{"id":"138","x":30,"y":9},{"id":"139","x":31,"y":9},{"id":"140","x":32,"y":9},{"id":"141","x":33,"y":9},{"id":"77","x":34,"y":9},{"id":"142","x":30,"y":10},{"id":"143","x":31,"y":10},{"id":"144","x":32,"y":10},{"id":"145","x":33,"y":10},{"id":"78","x":34,"y":10},{"id":"146","x":30,"y":11},{"id":"147","x":31,"y":11},{"id":"148","x":32,"y":11},{"id":"149","x":33,"y":11},{"id":"79","x":34,"y":11},{"id":"150","x":30,"y":12},{"id":"151","x":31,"y":12},{"id":"152","x":32,"y":12},{"id":"153","x":33,"y":12},{"id":"80","x":34,"y":12},{"id":"154","x":30,"y":13},{"id":"155","x":31,"y":13},{"id":"156","x":32,"y":13},{"id":"157","x":33,"y":13},{"id":"81","x":34,"y":13},{"id":"158","x":30,"y":14},{"id":"159","x":31,"y":14},{"id":"160","x":32,"y":14},{"id":"161","x":33,"y":14},{"id":"82","x":34,"y":14},{"id":"162","x":30,"y":15},{"id":"163","x":31,"y":15},{"id":"164","x":32,"y":15},{"id":"165","x":33,"y":15},{"id":"83","x":34,"y":15}],"collider":false},{"name":"Layer_1","tiles":[{"id":"122","x":18,"y":5},{"id":"123","x":19,"y":5},{"id":"124","x":20,"y":5},{"id":"125","x":21,"y":5},{"id":"73","x":22,"y":5},{"id":"126","x":18,"y":6},{"id":"127","x":19,"y":6},{"id":"128","x":20,"y":6},{"id":"129","x":21,"y":6},{"id":"74","x":22,"y":6},{"id":"130","x":18,"y":7},{"id":"131","x":19,"y":7},{"id":"132","x":20,"y":7},{"id":"133","x":21,"y":7},{"id":"75","x":22,"y":7},{"id":"134","x":18,"y":8},{"id":"135","x":19,"y":8},{"id":"136","x":20,"y":8},{"id":"137","x":21,"y":8},{"id":"76","x":22,"y":8},{"id":"140","x":20,"y":9},{"id":"141","x":21,"y":9},{"id":"77","x":22,"y":9},{"id":"144","x":20,"y":10},{"id":"145","x":21,"y":10},{"id":"78","x":22,"y":10},{"id":"148","x":20,"y":11},{"id":"149","x":21,"y":11},{"id":"79","x":22,"y":11},{"id":"152","x":20,"y":12},{"id":"153","x":21,"y":12},{"id":"80","x":22,"y":12},{"id":"156","x":20,"y":13},{"id":"157","x":21,"y":13},{"id":"81","x":22,"y":13},{"id":"161","x":21,"y":14},{"id":"82","x":22,"y":14},{"id":"165","x":21,"y":15},{"id":"83","x":22,"y":15},{"id":"122","x":23,"y":5},{"id":"123","x":24,"y":5},{"id":"124","x":25,"y":5},{"id":"125","x":26,"y":5},{"id":"73","x":27,"y":5},{"id":"126","x":23,"y":6},{"id":"127","x":24,"y":6},{"id":"128","x":25,"y":6},{"id":"129","x":26,"y":6},{"id":"74","x":27,"y":6},{"id":"130","x":23,"y":7},{"id":"131","x":24,"y":7},{"id":"132","x":25,"y":7},{"id":"133","x":26,"y":7},{"id":"75","x":27,"y":7},{"id":"134","x":23,"y":8},{"id":"135","x":24,"y":8},{"id":"136","x":25,"y":8},{"id":"137","x":26,"y":8},{"id":"76","x":27,"y":8},{"id":"138","x":23,"y":9},{"id":"139","x":24,"y":9},{"id":"140","x":25,"y":9},{"id":"141","x":26,"y":9},{"id":"77","x":27,"y":9},{"id":"142","x":23,"y":10},{"id":"143","x":24,"y":10},{"id":"144","x":25,"y":10},{"id":"145","x":26,"y":10},{"id":"78","x":27,"y":10},{"id":"122","x":28,"y":5},{"id":"123","x":29,"y":5},{"id":"124","x":30,"y":5},{"id":"125","x":31,"y":5},{"id":"73","x":32,"y":5},{"id":"126","x":28,"y":6},{"id":"127","x":29,"y":6},{"id":"128","x":30,"y":6},{"id":"129","x":31,"y":6},{"id":"74","x":32,"y":6},{"id":"130","x":28,"y":7},{"id":"131","x":29,"y":7},{"id":"132","x":30,"y":7},{"id":"133","x":31,"y":7},{"id":"75","x":32,"y":7},{"id":"134","x":28,"y":8},{"id":"135","x":29,"y":8},{"id":"136","x":30,"y":8},{"id":"137","x":31,"y":8},{"id":"76","x":32,"y":8},{"id":"138","x":28,"y":9},{"id":"139","x":29,"y":9},{"id":"140","x":30,"y":9},{"id":"141","x":31,"y":9},{"id":"77","x":32,"y":9},{"id":"142","x":28,"y":10},{"id":"143","x":29,"y":10},{"id":"144","x":30,"y":10},{"id":"145","x":31,"y":10},{"id":"78","x":32,"y":10},{"id":"122","x":33,"y":5},{"id":"123","x":34,"y":5},{"id":"124","x":35,"y":5},{"id":"125","x":36,"y":5},{"id":"73","x":37,"y":5},{"id":"126","x":33,"y":6},{"id":"127","x":34,"y":6},{"id":"128","x":35,"y":6},{"id":"129","x":36,"y":6},{"id":"74","x":37,"y":6},{"id":"130","x":33,"y":7},{"id":"131","x":34,"y":7},{"id":"132","x":35,"y":7},{"id":"133","x":36,"y":7},{"id":"75","x":37,"y":7},{"id":"134","x":33,"y":8},{"id":"135","x":34,"y":8},{"id":"136","x":35,"y":8},{"id":"137","x":36,"y":8},{"id":"76","x":37,"y":8},{"id":"138","x":33,"y":9},{"id":"139","x":34,"y":9},{"id":"140","x":35,"y":9},{"id":"141","x":36,"y":9},{"id":"77","x":37,"y":9},{"id":"142","x":33,"y":10},{"id":"143","x":34,"y":10},{"id":"144","x":35,"y":10},{"id":"145","x":36,"y":10},{"id":"78","x":37,"y":10},{"id":"149","x":36,"y":11},{"id":"79","x":37,"y":11},{"id":"153","x":36,"y":12},{"id":"80","x":37,"y":12},{"id":"157","x":36,"y":13},{"id":"81","x":37,"y":13},{"id":"161","x":36,"y":14},{"id":"82","x":37,"y":14},{"id":"165","x":36,"y":15},{"id":"83","x":37,"y":15},{"id":"122","x":38,"y":5},{"id":"123","x":39,"y":5},{"id":"124","x":40,"y":5},{"id":"125","x":41,"y":5},{"id":"73","x":42,"y":5},{"id":"126","x":38,"y":6},{"id":"127","x":39,"y":6},{"id":"128","x":40,"y":6},{"id":"129","x":41,"y":6},{"id":"74","x":42,"y":6},{"id":"130","x":38,"y":7},{"id":"131","x":39,"y":7},{"id":"132","x":40,"y":7},{"id":"133","x":41,"y":7},{"id":"75","x":42,"y":7},{"id":"134","x":38,"y":8},{"id":"135","x":39,"y":8},{"id":"136","x":40,"y":8},{"id":"137","x":41,"y":8},{"id":"76","x":42,"y":8},{"id":"138","x":38,"y":9},{"id":"139","x":39,"y":9},{"id":"140","x":40,"y":9},{"id":"141","x":41,"y":9},{"id":"77","x":42,"y":9},{"id":"142","x":38,"y":10},{"id":"143","x":39,"y":10},{"id":"144","x":40,"y":10},{"id":"145","x":41,"y":10},{"id":"78","x":42,"y":10},{"id":"146","x":38,"y":11},{"id":"147","x":39,"y":11},{"id":"148","x":40,"y":11},{"id":"149","x":41,"y":11},{"id":"79","x":42,"y":11},{"id":"150","x":38,"y":12},{"id":"151","x":39,"y":12},{"id":"152","x":40,"y":12},{"id":"153","x":41,"y":12},{"id":"80","x":42,"y":12},{"id":"154","x":38,"y":13},{"id":"155","x":39,"y":13},{"id":"156","x":40,"y":13},{"id":"157","x":41,"y":13},{"id":"81","x":42,"y":13},{"id":"158","x":38,"y":14},{"id":"159","x":39,"y":14},{"id":"160","x":40,"y":14},{"id":"161","x":41,"y":14},{"id":"82","x":42,"y":14},{"id":"162","x":38,"y":15},{"id":"163","x":39,"y":15},{"id":"164","x":40,"y":15},{"id":"165","x":41,"y":15},{"id":"83","x":42,"y":15},{"id":"122","x":43,"y":5},{"id":"123","x":44,"y":5},{"id":"124","x":45,"y":5},{"id":"125","x":46,"y":5},{"id":"73","x":47,"y":5},{"id":"126","x":43,"y":6},{"id":"127","x":44,"y":6},{"id":"128","x":45,"y":6},{"id":"129","x":46,"y":6},{"id":"74","x":47,"y":6},{"id":"130","x":43,"y":7},{"id":"131","x":44,"y":7},{"id":"132","x":45,"y":7},{"id":"133","x":46,"y":7},{"id":"75","x":47,"y":7},{"id":"134","x":43,"y":8},{"id":"135","x":44,"y":8},{"id":"136","x":45,"y":8},{"id":"137","x":46,"y":8},{"id":"76","x":47,"y":8},{"id":"138","x":43,"y":9},{"id":"139","x":44,"y":9},{"id":"140","x":45,"y":9},{"id":"141","x":46,"y":9},{"id":"77","x":47,"y":9},{"id":"142","x":43,"y":10},{"id":"143","x":44,"y":10},{"id":"144","x":45,"y":10},{"id":"145","x":46,"y":10},{"id":"78","x":47,"y":10},{"id":"146","x":43,"y":11},{"id":"147","x":44,"y":11},{"id":"148","x":45,"y":11},{"id":"149","x":46,"y":11},{"id":"79","x":47,"y":11},{"id":"150","x":43,"y":12},{"id":"151","x":44,"y":12},{"id":"152","x":45,"y":12},{"id":"153","x":46,"y":12},{"id":"80","x":47,"y":12},{"id":"154","x":43,"y":13},{"id":"155","x":44,"y":13},{"id":"156","x":45,"y":13},{"id":"157","x":46,"y":13},{"id":"81","x":47,"y":13},{"id":"158","x":43,"y":14},{"id":"159","x":44,"y":14},{"id":"160","x":45,"y":14},{"id":"161","x":46,"y":14},{"id":"82","x":47,"y":14},{"id":"162","x":43,"y":15},{"id":"163","x":44,"y":15},{"id":"164","x":45,"y":15},{"id":"165","x":46,"y":15},{"id":"83","x":47,"y":15},{"id":"122","x":48,"y":5},{"id":"123","x":49,"y":5},{"id":"124","x":50,"y":5},{"id":"125","x":51,"y":5},{"id":"73","x":52,"y":5},{"id":"126","x":48,"y":6},{"id":"127","x":49,"y":6},{"id":"128","x":50,"y":6},{"id":"129","x":51,"y":6},{"id":"74","x":52,"y":6},{"id":"130","x":48,"y":7},{"id":"131","x":49,"y":7},{"id":"132","x":50,"y":7},{"id":"133","x":51,"y":7},{"id":"75","x":52,"y":7},{"id":"134","x":48,"y":8},{"id":"135","x":49,"y":8},{"id":"136","x":50,"y":8},{"id":"137","x":51,"y":8},{"id":"76","x":52,"y":8},{"id":"138","x":48,"y":9},{"id":"139","x":49,"y":9},{"id":"140","x":50,"y":9},{"id":"141","x":51,"y":9},{"id":"77","x":52,"y":9},{"id":"142","x":48,"y":10},{"id":"143","x":49,"y":10},{"id":"144","x":50,"y":10},{"id":"145","x":51,"y":10},{"id":"78","x":52,"y":10},{"id":"146","x":48,"y":11},{"id":"147","x":49,"y":11},{"id":"148","x":50,"y":11},{"id":"149","x":51,"y":11},{"id":"79","x":52,"y":11},{"id":"150","x":48,"y":12},{"id":"151","x":49,"y":12},{"id":"152","x":50,"y":12},{"id":"153","x":51,"y":12},{"id":"80","x":52,"y":12},{"id":"154","x":48,"y":13},{"id":"155","x":49,"y":13},{"id":"156","x":50,"y":13},{"id":"157","x":51,"y":13},{"id":"81","x":52,"y":13},{"id":"158","x":48,"y":14},{"id":"159","x":49,"y":14},{"id":"160","x":50,"y":14},{"id":"161","x":51,"y":14},{"id":"82","x":52,"y":14},{"id":"162","x":48,"y":15},{"id":"163","x":49,"y":15},{"id":"164","x":50,"y":15},{"id":"165","x":51,"y":15},{"id":"83","x":52,"y":15},{"id":"166","x":14,"y":16},{"id":"167","x":14,"y":17},{"id":"168","x":8,"y":16},{"id":"167","x":9,"y":16},{"id":"168","x":6,"y":18},{"id":"168","x":7,"y":16},{"id":"168","x":1,"y":17},{"id":"168","x":1,"y":16},{"id":"168","x":0,"y":19},{"id":"168","x":0,"y":17},{"id":"168","x":0,"y":18},{"id":"168","x":0,"y":16},{"id":"169","x":17,"y":17},{"id":"170","x":16,"y":17},{"id":"171","x":15,"y":17},{"id":"172","x":17,"y":16},{"id":"173","x":16,"y":16},{"id":"174","x":15,"y":16},{"id":"146","x":18,"y":11},{"id":"150","x":18,"y":12},{"id":"154","x":18,"y":13},{"id":"158","x":18,"y":14},{"id":"162","x":18,"y":15},{"id":"155","x":19,"y":13},{"id":"151","x":19,"y":12},{"id":"147","x":19,"y":11},{"id":"143","x":19,"y":10},{"id":"142","x":18,"y":10},{"id":"139","x":19,"y":9},{"id":"138","x":18,"y":9},{"id":"122","x":13,"y":5},{"id":"123","x":14,"y":5},{"id":"124","x":15,"y":5},{"id":"125","x":16,"y":5},{"id":"73","x":17,"y":5},{"id":"126","x":13,"y":6},{"id":"127","x":14,"y":6},{"id":"128","x":15,"y":6},{"id":"129","x":16,"y":6},{"id":"74","x":17,"y":6},{"id":"130","x":13,"y":7},{"id":"131","x":14,"y":7},{"id":"132","x":15,"y":7},{"id":"133","x":16,"y":7},{"id":"75","x":17,"y":7},{"id":"134","x":13,"y":8},{"id":"135","x":14,"y":8},{"id":"136","x":15,"y":8},{"id":"137","x":16,"y":8},{"id":"76","x":17,"y":8},{"id":"138","x":13,"y":9},{"id":"139","x":14,"y":9},{"id":"140","x":15,"y":9},{"id":"141","x":16,"y":9},{"id":"77","x":17,"y":9},{"id":"142","x":13,"y":10},{"id":"143","x":14,"y":10},{"id":"144","x":15,"y":10},{"id":"145","x":16,"y":10},{"id":"78","x":17,"y":10},{"id":"146","x":13,"y":11},{"id":"147","x":14,"y":11},{"id":"148","x":15,"y":11},{"id":"149","x":16,"y":11},{"id":"79","x":17,"y":11},{"id":"151","x":14,"y":12},{"id":"152","x":15,"y":12},{"id":"153","x":16,"y":12},{"id":"80","x":17,"y":12},{"id":"155","x":14,"y":13},{"id":"156","x":15,"y":13},{"id":"157","x":16,"y":13},{"id":"81","x":17,"y":13},{"id":"159","x":14,"y":14},{"id":"160","x":15,"y":14},{"id":"161","x":16,"y":14},{"id":"82","x":17,"y":14},{"id":"163","x":14,"y":15},{"id":"164","x":15,"y":15},{"id":"165","x":16,"y":15},{"id":"83","x":17,"y":15},{"id":"122","x":8,"y":5},{"id":"123","x":9,"y":5},{"id":"124","x":10,"y":5},{"id":"125","x":11,"y":5},{"id":"73","x":12,"y":5},{"id":"126","x":8,"y":6},{"id":"127","x":9,"y":6},{"id":"128","x":10,"y":6},{"id":"129","x":11,"y":6},{"id":"74","x":12,"y":6},{"id":"130","x":8,"y":7},{"id":"131","x":9,"y":7},{"id":"132","x":10,"y":7},{"id":"133","x":11,"y":7},{"id":"75","x":12,"y":7},{"id":"134","x":8,"y":8},{"id":"135","x":9,"y":8},{"id":"136","x":10,"y":8},{"id":"137","x":11,"y":8},{"id":"76","x":12,"y":8},{"id":"138","x":8,"y":9},{"id":"139","x":9,"y":9},{"id":"140","x":10,"y":9},{"id":"141","x":11,"y":9},{"id":"77","x":12,"y":9},{"id":"142","x":8,"y":10},{"id":"143","x":9,"y":10},{"id":"144","x":10,"y":10},{"id":"145","x":11,"y":10},{"id":"78","x":12,"y":10},{"id":"146","x":8,"y":11},{"id":"147","x":9,"y":11},{"id":"148","x":10,"y":11},{"id":"149","x":11,"y":11},{"id":"79","x":12,"y":11},{"id":"150","x":8,"y":12},{"id":"151","x":9,"y":12},{"id":"154","x":8,"y":13},{"id":"155","x":9,"y":13},{"id":"158","x":8,"y":14},{"id":"159","x":9,"y":14},{"id":"162","x":8,"y":15},{"id":"163","x":9,"y":15},{"id":"73","x":7,"y":5},{"id":"74","x":7,"y":6},{"id":"75","x":7,"y":7},{"id":"76","x":7,"y":8},{"id":"77","x":7,"y":9},{"id":"78","x":7,"y":10},{"id":"79","x":7,"y":11},{"id":"80","x":7,"y":12},{"id":"81","x":7,"y":13},{"id":"82","x":7,"y":14},{"id":"83","x":7,"y":15},{"id":"124","x":0,"y":5},{"id":"125","x":1,"y":5},{"id":"128","x":0,"y":6},{"id":"129","x":1,"y":6},{"id":"132","x":0,"y":7},{"id":"133","x":1,"y":7},{"id":"136","x":0,"y":8},{"id":"137","x":1,"y":8},{"id":"140","x":0,"y":9},{"id":"141","x":1,"y":9},{"id":"144","x":0,"y":10},{"id":"145","x":1,"y":10},{"id":"148","x":0,"y":11},{"id":"149","x":1,"y":11},{"id":"152","x":0,"y":12},{"id":"153","x":1,"y":12},{"id":"156","x":0,"y":13},{"id":"157","x":1,"y":13},{"id":"160","x":0,"y":14},{"id":"161","x":1,"y":14},{"id":"164","x":0,"y":15},{"id":"165","x":1,"y":15},{"id":"175","x":23,"y":11},{"id":"176","x":24,"y":11},{"id":"177","x":25,"y":11},{"id":"178","x":26,"y":11},{"id":"179","x":23,"y":12},{"id":"180","x":24,"y":12},{"id":"181","x":25,"y":12},{"id":"182","x":26,"y":12},{"id":"183","x":23,"y":13},{"id":"184","x":24,"y":13},{"id":"185","x":25,"y":13},{"id":"186","x":26,"y":13},{"id":"187","x":23,"y":14},{"id":"188","x":24,"y":14},{"id":"189","x":25,"y":14},{"id":"190","x":26,"y":14},{"id":"191","x":23,"y":15},{"id":"192","x":24,"y":15},{"id":"193","x":25,"y":15},{"id":"194","x":26,"y":15},{"id":"175","x":27,"y":11},{"id":"176","x":28,"y":11},{"id":"177","x":29,"y":11},{"id":"178","x":30,"y":11},{"id":"179","x":27,"y":12},{"id":"180","x":28,"y":12},{"id":"181","x":29,"y":12},{"id":"182","x":30,"y":12},{"id":"183","x":27,"y":13},{"id":"184","x":28,"y":13},{"id":"185","x":29,"y":13},{"id":"186","x":30,"y":13},{"id":"187","x":27,"y":14},{"id":"188","x":28,"y":14},{"id":"189","x":29,"y":14},{"id":"190","x":30,"y":14},{"id":"191","x":27,"y":15},{"id":"192","x":28,"y":15},{"id":"193","x":29,"y":15},{"id":"194","x":30,"y":15},{"id":"175","x":31,"y":11},{"id":"176","x":32,"y":11},{"id":"177","x":33,"y":11},{"id":"178","x":34,"y":11},{"id":"179","x":31,"y":12},{"id":"180","x":32,"y":12},{"id":"181","x":33,"y":12},{"id":"182","x":34,"y":12},{"id":"183","x":31,"y":13},{"id":"184","x":32,"y":13},{"id":"185","x":33,"y":13},{"id":"186","x":34,"y":13},{"id":"187","x":31,"y":14},{"id":"188","x":32,"y":14},{"id":"189","x":33,"y":14},{"id":"190","x":34,"y":14},{"id":"191","x":31,"y":15},{"id":"192","x":32,"y":15},{"id":"193","x":33,"y":15},{"id":"194","x":34,"y":15},{"id":"168","x":7,"y":18},{"id":"174","x":9,"y":17},{"id":"166","x":8,"y":17},{"id":"195","x":7,"y":17},{"id":"171","x":9,"y":18},{"id":"167","x":8,"y":18},{"id":"164","x":35,"y":15},{"id":"160","x":35,"y":14},{"id":"156","x":35,"y":13},{"id":"152","x":35,"y":12},{"id":"148","x":35,"y":11},{"id":"170","x":10,"y":18},{"id":"169","x":11,"y":18},{"id":"168","x":12,"y":17},{"id":"169","x":12,"y":16},{"id":"170","x":11,"y":16},{"id":"171","x":10,"y":16},{"id":"172","x":11,"y":17},{"id":"173","x":10,"y":17},{"id":"168","x":13,"y":17},{"id":"195","x":13,"y":16},{"id":"83","x":12,"y":15},{"id":"165","x":11,"y":15},{"id":"164","x":10,"y":15},{"id":"82","x":12,"y":14},{"id":"161","x":11,"y":14},{"id":"160","x":10,"y":14},{"id":"81","x":12,"y":13},{"id":"157","x":11,"y":13},{"id":"156","x":10,"y":13},{"id":"80","x":12,"y":12},{"id":"153","x":11,"y":12},{"id":"152","x":10,"y":12},{"id":"162","x":13,"y":15},{"id":"158","x":13,"y":14},{"id":"122","x":2,"y":5},{"id":"123","x":3,"y":5},{"id":"124","x":4,"y":5},{"id":"125","x":5,"y":5},{"id":"73","x":6,"y":5},{"id":"126","x":2,"y":6},{"id":"127","x":3,"y":6},{"id":"128","x":4,"y":6},{"id":"129","x":5,"y":6},{"id":"74","x":6,"y":6},{"id":"130","x":2,"y":7},{"id":"131","x":3,"y":7},{"id":"132","x":4,"y":7},{"id":"133","x":5,"y":7},{"id":"75","x":6,"y":7},{"id":"134","x":2,"y":8},{"id":"135","x":3,"y":8},{"id":"136","x":4,"y":8},{"id":"137","x":5,"y":8},{"id":"76","x":6,"y":8},{"id":"138","x":2,"y":9},{"id":"139","x":3,"y":9},{"id":"140","x":4,"y":9},{"id":"141","x":5,"y":9},{"id":"77","x":6,"y":9},{"id":"142","x":2,"y":10},{"id":"143","x":3,"y":10},{"id":"144","x":4,"y":10},{"id":"145","x":5,"y":10},{"id":"78","x":6,"y":10},{"id":"146","x":2,"y":11},{"id":"147","x":3,"y":11},{"id":"148","x":4,"y":11},{"id":"149","x":5,"y":11},{"id":"79","x":6,"y":11},{"id":"150","x":2,"y":12},{"id":"151","x":3,"y":12},{"id":"152","x":4,"y":12},{"id":"153","x":5,"y":12},{"id":"80","x":6,"y":12},{"id":"154","x":2,"y":13},{"id":"155","x":3,"y":13},{"id":"156","x":4,"y":13},{"id":"157","x":5,"y":13},{"id":"81","x":6,"y":13},{"id":"158","x":2,"y":14},{"id":"159","x":3,"y":14},{"id":"160","x":4,"y":14},{"id":"161","x":5,"y":14},{"id":"82","x":6,"y":14},{"id":"162","x":2,"y":15},{"id":"163","x":3,"y":15},{"id":"164","x":4,"y":15},{"id":"165","x":5,"y":15},{"id":"83","x":6,"y":15},{"id":"158","x":2,"y":16},{"id":"159","x":3,"y":16},{"id":"160","x":4,"y":16},{"id":"161","x":5,"y":16},{"id":"82","x":6,"y":16},{"id":"162","x":2,"y":17},{"id":"163","x":3,"y":17},{"id":"164","x":4,"y":17},{"id":"165","x":5,"y":17},{"id":"83","x":6,"y":17},{"id":"158","x":1,"y":18},{"id":"159","x":2,"y":18},{"id":"160","x":3,"y":18},{"id":"161","x":4,"y":18},{"id":"82","x":5,"y":18},{"id":"162","x":1,"y":19},{"id":"163","x":2,"y":19},{"id":"164","x":3,"y":19},{"id":"165","x":4,"y":19},{"id":"83","x":5,"y":19},{"id":"122","x":0,"y":0},{"id":"123","x":1,"y":0},{"id":"124","x":2,"y":0},{"id":"125","x":3,"y":0},{"id":"73","x":4,"y":0},{"id":"126","x":0,"y":1},{"id":"127","x":1,"y":1},{"id":"128","x":2,"y":1},{"id":"129","x":3,"y":1},{"id":"74","x":4,"y":1},{"id":"130","x":0,"y":2},{"id":"131","x":1,"y":2},{"id":"132","x":2,"y":2},{"id":"133","x":3,"y":2},{"id":"75","x":4,"y":2},{"id":"134","x":0,"y":3},{"id":"135","x":1,"y":3},{"id":"136","x":2,"y":3},{"id":"137","x":3,"y":3},{"id":"76","x":4,"y":3},{"id":"138","x":0,"y":4},{"id":"139","x":1,"y":4},{"id":"140","x":2,"y":4},{"id":"141","x":3,"y":4},{"id":"77","x":4,"y":4},{"id":"122","x":5,"y":0},{"id":"123","x":6,"y":0},{"id":"124","x":7,"y":0},{"id":"125","x":8,"y":0},{"id":"73","x":9,"y":0},{"id":"126","x":5,"y":1},{"id":"127","x":6,"y":1},{"id":"128","x":7,"y":1},{"id":"129","x":8,"y":1},{"id":"74","x":9,"y":1},{"id":"130","x":5,"y":2},{"id":"131","x":6,"y":2},{"id":"132","x":7,"y":2},{"id":"133","x":8,"y":2},{"id":"75","x":9,"y":2},{"id":"134","x":5,"y":3},{"id":"135","x":6,"y":3},{"id":"136","x":7,"y":3},{"id":"137","x":8,"y":3},{"id":"76","x":9,"y":3},{"id":"138","x":5,"y":4},{"id":"139","x":6,"y":4},{"id":"140","x":7,"y":4},{"id":"141","x":8,"y":4},{"id":"77","x":9,"y":4},{"id":"122","x":10,"y":0},{"id":"123","x":11,"y":0},{"id":"124","x":12,"y":0},{"id":"125","x":13,"y":0},{"id":"73","x":14,"y":0},{"id":"126","x":10,"y":1},{"id":"127","x":11,"y":1},{"id":"128","x":12,"y":1},{"id":"129","x":13,"y":1},{"id":"74","x":14,"y":1},{"id":"130","x":10,"y":2},{"id":"131","x":11,"y":2},{"id":"132","x":12,"y":2},{"id":"133","x":13,"y":2},{"id":"75","x":14,"y":2},{"id":"134","x":10,"y":3},{"id":"135","x":11,"y":3},{"id":"136","x":12,"y":3},{"id":"137","x":13,"y":3},{"id":"76","x":14,"y":3},{"id":"138","x":10,"y":4},{"id":"139","x":11,"y":4},{"id":"140","x":12,"y":4},{"id":"141","x":13,"y":4},{"id":"77","x":14,"y":4},{"id":"122","x":15,"y":0},{"id":"123","x":16,"y":0},{"id":"124","x":17,"y":0},{"id":"125","x":18,"y":0},{"id":"73","x":19,"y":0},{"id":"126","x":15,"y":1},{"id":"127","x":16,"y":1},{"id":"128","x":17,"y":1},{"id":"129","x":18,"y":1},{"id":"74","x":19,"y":1},{"id":"130","x":15,"y":2},{"id":"131","x":16,"y":2},{"id":"132","x":17,"y":2},{"id":"133","x":18,"y":2},{"id":"75","x":19,"y":2},{"id":"134","x":15,"y":3},{"id":"135","x":16,"y":3},{"id":"136","x":17,"y":3},{"id":"137","x":18,"y":3},{"id":"76","x":19,"y":3},{"id":"138","x":15,"y":4},{"id":"139","x":16,"y":4},{"id":"140","x":17,"y":4},{"id":"141","x":18,"y":4},{"id":"77","x":19,"y":4},{"id":"122","x":20,"y":0},{"id":"123","x":21,"y":0},{"id":"124","x":22,"y":0},{"id":"125","x":23,"y":0},{"id":"73","x":24,"y":0},{"id":"126","x":20,"y":1},{"id":"127","x":21,"y":1},{"id":"128","x":22,"y":1},{"id":"129","x":23,"y":1},{"id":"74","x":24,"y":1},{"id":"130","x":20,"y":2},{"id":"131","x":21,"y":2},{"id":"132","x":22,"y":2},{"id":"133","x":23,"y":2},{"id":"75","x":24,"y":2},{"id":"134","x":20,"y":3},{"id":"135","x":21,"y":3},{"id":"136","x":22,"y":3},{"id":"137","x":23,"y":3},{"id":"76","x":24,"y":3},{"id":"138","x":20,"y":4},{"id":"139","x":21,"y":4},{"id":"140","x":22,"y":4},{"id":"141","x":23,"y":4},{"id":"77","x":24,"y":4},{"id":"122","x":25,"y":0},{"id":"123","x":26,"y":0},{"id":"124","x":27,"y":0},{"id":"125","x":28,"y":0},{"id":"73","x":29,"y":0},{"id":"126","x":25,"y":1},{"id":"127","x":26,"y":1},{"id":"128","x":27,"y":1},{"id":"129","x":28,"y":1},{"id":"74","x":29,"y":1},{"id":"130","x":25,"y":2},{"id":"131","x":26,"y":2},{"id":"132","x":27,"y":2},{"id":"133","x":28,"y":2},{"id":"75","x":29,"y":2},{"id":"134","x":25,"y":3},{"id":"135","x":26,"y":3},{"id":"136","x":27,"y":3},{"id":"137","x":28,"y":3},{"id":"76","x":29,"y":3},{"id":"138","x":25,"y":4},{"id":"139","x":26,"y":4},{"id":"140","x":27,"y":4},{"id":"141","x":28,"y":4},{"id":"77","x":29,"y":4},{"id":"122","x":30,"y":0},{"id":"123","x":31,"y":0},{"id":"124","x":32,"y":0},{"id":"125","x":33,"y":0},{"id":"73","x":34,"y":0},{"id":"126","x":30,"y":1},{"id":"127","x":31,"y":1},{"id":"128","x":32,"y":1},{"id":"129","x":33,"y":1},{"id":"74","x":34,"y":1},{"id":"130","x":30,"y":2},{"id":"131","x":31,"y":2},{"id":"132","x":32,"y":2},{"id":"133","x":33,"y":2},{"id":"75","x":34,"y":2},{"id":"134","x":30,"y":3},{"id":"135","x":31,"y":3},{"id":"136","x":32,"y":3},{"id":"137","x":33,"y":3},{"id":"76","x":34,"y":3},{"id":"138","x":30,"y":4},{"id":"139","x":31,"y":4},{"id":"140","x":32,"y":4},{"id":"141","x":33,"y":4},{"id":"77","x":34,"y":4},{"id":"122","x":35,"y":0},{"id":"123","x":36,"y":0},{"id":"124","x":37,"y":0},{"id":"125","x":38,"y":0},{"id":"73","x":39,"y":0},{"id":"126","x":35,"y":1},{"id":"127","x":36,"y":1},{"id":"128","x":37,"y":1},{"id":"129","x":38,"y":1},{"id":"74","x":39,"y":1},{"id":"130","x":35,"y":2},{"id":"131","x":36,"y":2},{"id":"132","x":37,"y":2},{"id":"133","x":38,"y":2},{"id":"75","x":39,"y":2},{"id":"134","x":35,"y":3},{"id":"135","x":36,"y":3},{"id":"136","x":37,"y":3},{"id":"137","x":38,"y":3},{"id":"76","x":39,"y":3},{"id":"138","x":35,"y":4},{"id":"139","x":36,"y":4},{"id":"140","x":37,"y":4},{"id":"141","x":38,"y":4},{"id":"77","x":39,"y":4},{"id":"122","x":40,"y":0},{"id":"123","x":41,"y":0},{"id":"124","x":42,"y":0},{"id":"125","x":43,"y":0},{"id":"73","x":44,"y":0},{"id":"126","x":40,"y":1},{"id":"127","x":41,"y":1},{"id":"128","x":42,"y":1},{"id":"129","x":43,"y":1},{"id":"74","x":44,"y":1},{"id":"130","x":40,"y":2},{"id":"131","x":41,"y":2},{"id":"132","x":42,"y":2},{"id":"133","x":43,"y":2},{"id":"75","x":44,"y":2},{"id":"134","x":40,"y":3},{"id":"135","x":41,"y":3},{"id":"136","x":42,"y":3},{"id":"137","x":43,"y":3},{"id":"76","x":44,"y":3},{"id":"138","x":40,"y":4},{"id":"139","x":41,"y":4},{"id":"140","x":42,"y":4},{"id":"141","x":43,"y":4},{"id":"77","x":44,"y":4},{"id":"122","x":45,"y":0},{"id":"123","x":46,"y":0},{"id":"124","x":47,"y":0},{"id":"125","x":48,"y":0},{"id":"73","x":49,"y":0},{"id":"126","x":45,"y":1},{"id":"127","x":46,"y":1},{"id":"128","x":47,"y":1},{"id":"129","x":48,"y":1},{"id":"74","x":49,"y":1},{"id":"130","x":45,"y":2},{"id":"131","x":46,"y":2},{"id":"132","x":47,"y":2},{"id":"133","x":48,"y":2},{"id":"75","x":49,"y":2},{"id":"134","x":45,"y":3},{"id":"135","x":46,"y":3},{"id":"136","x":47,"y":3},{"id":"137","x":48,"y":3},{"id":"76","x":49,"y":3},{"id":"138","x":45,"y":4},{"id":"139","x":46,"y":4},{"id":"140","x":47,"y":4},{"id":"141","x":48,"y":4},{"id":"77","x":49,"y":4},{"id":"122","x":50,"y":0},{"id":"123","x":51,"y":0},{"id":"124","x":52,"y":0},{"id":"126","x":50,"y":1},{"id":"127","x":51,"y":1},{"id":"128","x":52,"y":1},{"id":"130","x":50,"y":2},{"id":"131","x":51,"y":2},{"id":"132","x":52,"y":2},{"id":"134","x":50,"y":3},{"id":"135","x":51,"y":3},{"id":"136","x":52,"y":3},{"id":"138","x":50,"y":4},{"id":"139","x":51,"y":4},{"id":"140","x":52,"y":4}],"collider":false}]}